COU,Countries,Coverage
AD,Andorra,COU
AE,United Arab Emirates,COU
AF,Afghanistan,COU
AG,Antigua and Barbuda,COU
AI,Anguilla,COU
AL,Albania,COU
AM,Armenia,COU
AN,Netherlands Antilles [former],COU
AO,Angola,COU
AQ,Antarctica,COU
AR,Argentina,COU
AS,American Samoa,COU
AT,Austria,COU
AU,Australia,COU
AW,Aruba,COU
AX,Åland Islands,COU
AZ,Azerbaijan,COU
BA,Bosnia and Herzegovina,COU
BB,Barbados,COU
BD,Bangladesh,COU
BE,Belgium,COU
BF,Burkina Faso,COU
BG,Bulgaria,COU
BH,Bahrain,COU
BI,Burundi,COU
BJ,Benin,COU
BL,Saint Barthélemy,COU
BM,Bermuda,COU
BN,Brunei Darussalam,COU
BO,Bolivia (Plurinational State of),COU
BQ,"Bonaire, Sint Eustatius and Saba",COU
BR,Brazil,COU
BS,Bahamas,COU
BT,Bhutan,COU
BV,Bouvet Island,COU
BW,Botswana,COU
BY,Belarus,COU
BZ,Belize,COU
CA,Canada,COU
CC,Cocos (Keeling) Islands,COU
CD,Democratic Republic of the Congo,COU
CF,Central African Republic,COU
CG,Congo,COU
CH,Switzerland,COU
CI,Côte d'Ivoire,COU
CK,Cook Islands,COU
CL,Chile,COU
CM,Cameroon,COU
CN,"China, Peoples Republic of",COU
CO,Colombia,COU
CR,Costa Rica,COU
CU,Cuba,COU
CV,Cabo Verde,COU
CW,Curaçao,COU
CX,Christmas Island,COU
CY,Cyprus,COU
CZ,Czechia,COU
DE,Germany,COU
DJ,Djibouti,COU
DK,Denmark,COU
DM,Dominica,COU
DO,Dominican Republic,COU
DZ,Algeria,COU
EC,Ecuador,COU
EE,Estonia,COU
EG,Egypt,COU
EH,Western Sahara,COU
ER,Eritrea,COU
ES,Spain,COU
ET,Ethiopia,COU
FI,Finland,COU
FJ,Fiji,COU
FK,Falkland Islands (Malvinas),COU
FM,Micronesia (Federated States of),COU
FO,Faroe Islands,COU
FQ,French Southern Territories,COU
FR,France,COU
GA,Gabon,COU
GB,United Kingdom of Great Britain and Northern Ireland,COU
GD,Grenada,COU
GE,Georgia,COU
GF,French Guiana,COU
GG,Guernsey,COU
GH,Ghana,COU
GI,Gibraltar,COU
GL,Greenland,COU
GM,Gambia,COU
GN,Guinea,COU
GP,Guadeloupe,COU
GQ,Equatorial Guinea,COU
GR,Greece,COU
GS,South Georgia and the South Sandwich Islands,COU
GT,Guatemala,COU
GU,Guam,COU
GW,Guinea-Bissau,COU
GY,Guyana,COU
HK,Hong Kong,COU
HM,Heard Island and McDonald Islands,COU
HN,Honduras,COU
HR,Croatia,COU
HT,Haiti,COU
HU,Hungary,COU
ID,Indonesia,COU
IE,Ireland,COU
IL,Israel,COU
IM,Isle of Man,COU
IN,India,COU
IO,British Indian Ocean Territory,COU
IQ,Iraq,COU
IR,Iran (Islamic Republic of),COU
IS,Iceland,COU
IT,Italy,COU
JE,Jersey,COU
JM,Jamaica,COU
JO,Jordan,COU
JP,Japan,COU
KE,Kenya,COU
KG,Kyrgyzstan,COU
KH,Cambodia,COU
KI,Kiribati,COU
KM,Comoros,COU
KN,Saint Kitts and Nevis,COU
KP,Korea Democratic People's Republic,COU
KR,Korea Republic of,COU
KW,Kuwait,COU
KY,Cayman Islands,COU
KZ,Kazakhstan,COU
LA,Lao People's Democratic Republic,COU
LB,Lebanon,COU
LC,Saint Lucia,COU
LI,Liechtenstein,COU
LK,Sri Lanka,COU
LR,Liberia,COU
LS,Lesotho,COU
LT,Lithuania,COU
LU,Luxembourg,COU
LV,Latvia,COU
LY,Libya,COU
MA,Morocco,COU
MC,Monaco,COU
MD,Republic of Moldova,COU
ME,Montenegro,COU
MF,Saint Martin (French Part),COU
MG,Madagascar,COU
MH,Marshall Islands,COU
MK,North Macedonia,COU
ML,Mali,COU
MM,Myanmar,COU
MN,Mongolia,COU
MO,"China, Macao Special Administrative Region",COU
MP,Northern Mariana Islands,COU
MQ,Martinique,COU
MR,Mauritania,COU
MS,Montserrat,COU
MT,Malta,COU
MU,Mauritius,COU
MV,Maldives,COU
MW,Malawi,COU
MX,Mexico,COU
MY,Malaysia,COU
MZ,Mozambique,COU
NA,Namibia,COU
NC,New Caledonia,COU
NE,Niger,COU
NF,Norfolk Island,COU
NG,Nigeria,COU
NI,Nicaragua,COU
NL,Netherlands (Kingdom of the),COU
NO,Norway,COU
NP,Nepal,COU
NR,Nauru,COU
NU,Niue,COU
NZ,New Zealand,COU
OM,Oman,COU
PA,Panama,COU
PE,Peru,COU
PF,French Polynesia,COU
PG,Papua New Guinea,COU
PH,Philippines,COU
PK,Pakistan,COU
PL,Poland,COU
PM,Saint Pierre and Miquelon,COU
PN,Pitcairn,COU
PR,Puerto Rico,COU
PS,State of Palestine,COU
PT,Portugal,COU
PW,Palau,COU
PY,Paraguay,COU
QA,Qatar,COU
RE,Réunion,COU
RO,Romania,COU
RS,Serbia,COU
RU,Russian Federation,COU
RW,Rwanda,COU
SA,Saudi Arabia,COU
SB,Solomon Islands,COU
SC,Seychelles,COU
SD,Sudan,COU
SE,Sweden,COU
SG,Singapore,COU
SH,Saint Helena,COU
SI,Slovenia,COU
SJ,Svalbard and Jan Mayen Islands,COU
SK,Slovakia,COU
SL,Sierra Leone,COU
SM,San Marino,COU
SN,Senegal,COU
SO,Somalia,COU
SR,Suriname,COU
SS,South Sudan,COU
ST,Sao Tome and Principe,COU
SV,El Salvador,COU
SX,Sint Maarten (Dutch part),COU
SY,Syrian Arab Republic,COU
SZ,Eswatini,COU
TC,Turks and Caicos Islands,COU
TD,Chad,COU
TF,French Southern Territories,COU
TG,Togo,COU
TH,Thailand,COU
TW,"Taiwan, Province of China",COU
TJ,Tajikistan,COU
TK,Tokelau,COU
TL,Timor-Leste,COU
TM,Turkmenistan,COU
TN,Tunisia,COU
TO,Tonga,COU
TR,Türkiye,COU
TT,Trinidad and Tobago,COU
TV,Tuvalu,COU
TZ,United Republic of Tanzania,COU
UA,Ukraine,COU
UG,Uganda,COU
UM,United States Minor Outlying Islands,COU
US,United States of America,COU
UY,Uruguay,COU
UZ,Uzbekistan,COU
VA,Holy See,COU
VC,Saint Vincent and the Grenadines,COU
VE,Venezuela (Bolivarian Republic of),COU
VG,British Virgin Islands,COU
VI,United States Virgin Islands,COU
VN,Viet Nam,COU
VU,Vanuatu,COU
WF,Wallis and Futuna Islands,COU
WS,Samoa,COU
XK,Kosovo,COU
YE,Yemen,COU
YT,Mayotte,COU
YU,Serbia and Montenegro [former],COU
ZA,South Africa,COU
ZM,Zambia,COU
ZW,Zimbabwe,COU
COU_OTH,Other countries,COU
_T,Country total,COU
